{"options":{"check_for_updates":false,"comment":null,"compatopts_for_requires":true,"compat_wrappedjsobject":false,"compat_metadata":false,"compat_foreach":false,"compat_prototypes":false,"noframes":true,"run_at":null,"override":{"use_includes":["https://cliq.zoho.com/*"],"orig_includes":[],"merge_includes":true,"use_matches":[],"orig_matches":["http://*/*"],"merge_matches":true,"use_excludes":[],"orig_excludes":[],"merge_excludes":true,"use_connects":[],"merge_connects":true,"use_blockers":[],"orig_run_at":"document-idle","orig_noframes":null,"orig_connects":[]}},"settings":{"enabled":true,"position":4},"meta":{"name":"cliqRingTone","uuid":"a72e8e47-4f31-422f-b49f-e64911a0ae73","modified":1641662628842}}